{
  "default_accuracy": 0.9120790481952007,
  "default_auc": 0.9462733953641076,
  "interest_mae": 10.704221232795822,
  "interest_mse": 123.26981927578338
}