{
  "default_accuracy": 0.9147853032315184,
  "default_auc": 0.9103892603594408,
  "interest_mae": 0.9647218269434267,
  "interest_mse": 1.7464294915487033
}