{
  "default_accuracy": 0.8864690461786651,
  "default_auc": 0.903777517135387,
  "interest_mae": 1.6815356728280113,
  "interest_mse": 4.043658346961053
}