{
  "0": {
    "precision": 0.9319458209448299,
    "recall": 0.7989238176154064,
    "f1-score": 0.8603232692894175,
    "support": 3531.0
  },
  "1": {
    "precision": 0.5238095238095238,
    "recall": 0.7912867274569402,
    "f1-score": 0.6303470540758677,
    "support": 987.0
  },
  "accuracy": 0.7972554227534308,
  "macro avg": {
    "precision": 0.7278776723771769,
    "recall": 0.7951052725361734,
    "f1-score": 0.7453351616826426,
    "support": 4518.0
  },
  "weighted avg": {
    "precision": 0.8427845714378475,
    "recall": 0.7972554227534308,
    "f1-score": 0.8100827813709196,
    "support": 4518.0
  }
}