{
  "roc_auc": 0.8757971442401747,
  "avg_precision": 0.7259783463531025,
  "accuracy": 0.7972554227534308,
  "confusion_matrix": [
    [
      2821,
      710
    ],
    [
      206,
      781
    ]
  ]
}