{
  "AUC": 0.9450410592836417,
  "Accuracy": 0.9364763169544046,
  "Precision": 0.9408805031446541,
  "Recall": 0.757085020242915,
  "F1": 0.839035333707235,
  "Best_Threshold": 