{
  "AUC": 0.9453062816116342,
  "Accuracy": 0.9371403275785746,
  "Precision": 0.9489795918367347,
  "Recall": 0.7530364372469636,
  "F1": 0.8397291196388262,
  "Best_Threshold": 